<?xml version="1.0" encoding="UTF-8" standalone="yes"?>
<addon id="plugin.program.kodisupport" name="Kodisupport Wizard" version="2017.05.09" provider-name="wolfcreations">
  <requires>
    <import addon="xbmc.python" version="2.1.0"/>
  </requires>
  <extension point="xbmc.python.pluginsource" library="default.py">
    <provides>executable</provides>
  </extension>
  <extension point="xbmc.service" library="startup.py" start="startup" />
  <extension point="xbmc.addon.metadata">
    <summary lang="en">Kodisupport Wizard</summary>
    <description lang="en">Kodisupport Wizard allows you to get access to the latest Wolfcreations Custom Builds, Appks and addons.</description>
    <platform>all</platform>
  </extension>
</addon>