<?xml version="1.0" encoding="UTF-8" standalone="yes"?>
<addon id="plugin.program.dataghost" name="Dataghosts Wizard" version="1.0.0" provider-name="Ghostware">
  <requires>
    <import addon="xbmc.python" version="2.1.0"/>
  </requires>
  <extension point="xbmc.python.pluginsource" library="default.py">
    <provides>executable</provides>
  </extension>
  <extension point="xbmc.service" library="startup.py" start="startup" />
  <extension point="xbmc.addon.metadata">
    <summary lang="en">Dataghosts Wizard</summary>
    <description lang="en">Welcome to Dataghosts wizard! This was created to simply help all my users, one click installs, builds, fixes, gaming and more.</description>
    <platform>all</platform>
  </extension>
</addon>