<?xml version="1.0" encoding="UTF-8" standalone="yes"?>
<addon id="repository.wolfcreations" name="wolfcreations" version="0.0.3" provider-name="wadeknelsen">
	<extension point="xbmc.addon.repository" name="wolfcreations">
		<dir>
			<info compressed="false">https://offshoregit.com/tvaresolvers/tva-common-repository/raw/master/addons.xml</info>
			<checksum>https://offshoregit.com/tvaresolvers/tva-common-repository/raw/master/addons.xml.md5</checksum>
			<datadir zip="true">https://offshoregit.com/tvaresolvers/tva-common-repository/raw/master/zips/</datadir>
		</dir>
		<dir>
			<info compressed="false">https://raw.githubusercontent.com/noobsandnerds/modules4all/master/zips/addons.xml</info>
			<checksum>https://raw.githubusercontent.com/noobsandnerds/modules4all/master/zips/addons.xml.md5</checksum>
			<datadir zip="true">https://raw.githubusercontent.com/noobsandnerds/modules4all/master/zips/</datadir>
		</dir>
		<info compressed="false">https://raw.githubusercontent.com/wadeknelsen/wolfcreations/master/zips/addons.xml</info>
		<checksum>https://raw.githubusercontent.com/wadeknelsen/wolfcreations/master/zips/addons.xml.md5</checksum>
		<datadir zip="true">https://raw.githubusercontent.com/wadeknelsen/wolfcreations/master/zips/</datadir>
	</extension>
	<extension point="xbmc.addon.metadata">
		<summary lang="en">personal addons</summary>
		<description lang="en">wolfcreations repo</description>
		<genre></genre>
	</extension>
</addon>